{"epoch":20,"_wandb":{"runtime":175},"_step":20,"val_acc":0.979,"test_acc":0.9799,"train_loss":0.011695955200209726,"train_acc":0.9982592592592593,"_timestamp":1.7726534532830968e+09,"val_f1":0.9787538125821644,"test_f1":0.9797133682889048,"_runtime":175,"val_loss":0.19304385422440457}